date,freight_rate,bdi,capesize_index,panamax_index
2024-01-01,22.5,1669.7,2321.6,1580.3
2024-01-02,22.38,1602.7,2160.5,1520.6
2024-01-03,22.59,1676.4,2156.8,1595.4
2024-01-04,23.14,1638.2,2287.3,1563.9
2024-01-05,22.9,1654.2,2178.8,1568.0
2024-01-06,22.71,1733.5,2301.0,1653.3
2024-01-07,23.28,1777.2,2363.4,1735.6
2024-01-08,23.44,1775.2,2479.0,1716.0
2024-01-09,23.1,1693.5,2158.1,1634.9
2024-01-10,23.21,1739.0,2536.0,1638.4
2024-01-11,22.92,1718.6,2383.5,1606.0
2024-01-12,22.67,1654.1,2246.4,1600.0
2024-01-13,22.75,1766.7,2381.7,1704.6
2024-01-14,21.97,1682.7,2288.8,1642.8
2024-01-15,21.38,1594.9,2184.4,1497.0
2024-01-16,21.36,1602.9,2202.6,1515.9
2024-01-17,21.16,1595.5,2187.3,1466.6
2024-01-18,21.53,1533.5,2075.5,1445.0
2024-01-19,21.37,1592.8,2138.5,1543.1
2024-01-20,21.03,1550.2,2083.7,1458.7
2024-01-21,21.91,1602.9,2152.2,1542.0
2024-01-22,21.98,1637.1,2278.2,1549.6
2024-01-23,22.16,1734.2,2376.8,1657.2
2024-01-24,21.73,1655.5,2058.4,1538.3
2024-01-25,21.72,1606.3,2207.9,1528.5
2024-01-26,21.98,1671.6,2268.4,1498.3
2024-01-27,21.71,1684.0,2272.3,1594.2
2024-01-28,22.09,1693.7,2263.2,1560.1
2024-01-29,22.03,1654.7,2301.3,1608.1
2024-01-30,22.11,1632.4,2260.6,1574.1
2024-01-31,22.06,1682.5,2225.0,1612.4
2024-02-01,23.01,1741.2,2375.1,1699.8
2024-02-02,23.07,1766.1,2325.9,1649.3
2024-02-03,22.71,1728.9,2251.2,1694.9
2024-02-04,23.17,1779.6,2364.8,1718.5
2024-02-05,22.74,1684.3,2325.5,1593.0
2024-02-06,22.96,1774.7,2453.0,1720.0
2024-02-07,22.28,1679.1,2297.5,1561.9
2024-02-08,21.97,1730.4,2379.6,1619.2
2024-02-09,22.31,1645.8,2252.8,1545.3
2024-02-10,22.83,1781.6,2366.6,1676.6
2024-02-11,23.05,1736.4,2370.1,1617.9
2024-02-12,23.12,1708.2,2354.0,1659.4
2024-02-13,23.12,1714.6,2359.9,1621.1
2024-02-14,22.65,1686.0,2347.4,1612.2
2024-02-15,22.56,1709.0,2349.7,1606.5
2024-02-16,22.59,1715.4,2336.9,1575.0
2024-02-17,23.23,1719.6,2385.7,1641.7
2024-02-18,23.5,1761.4,2376.2,1615.9
2024-02-19,22.88,1802.0,2379.8,1709.9
2024-02-20,23.2,1809.4,2432.8,1677.8
2024-02-21,23.2,1757.1,2327.4,1728.9
2024-02-22,23.08,1732.3,2298.1,1673.0
2024-02-23,23.5,1767.0,2376.8,1681.8
2024-02-24,24.03,1826.4,2418.1,1773.0
2024-02-25,24.44,1792.0,2400.8,1677.0
2024-02-26,24.09,1796.3,2311.3,1722.8
2024-02-27,24.01,1733.6,2353.2,1652.9
2024-02-28,24.2,1830.6,2471.4,1747.0
2024-02-29,24.62,1872.3,2478.6,1816.9
2024-03-01,24.4,1810.8,2484.1,1742.2
2024-03-02,24.34,1888.3,2605.5,1802.5
2024-03-03,23.92,1744.9,2259.2,1608.0
2024-03-04,23.53,1706.3,2257.7,1592.2
2024-03-05,24.01,1809.7,2396.9,1715.5
2024-03-06,24.64,1889.6,2494.6,1797.9
2024-03-07,24.6,1912.5,2631.6,1783.0
2024-03-08,25.01,1857.1,2495.4,1836.6
2024-03-09,25.1,1925.3,2583.3,1874.6
2024-03-10,24.77,1856.4,2385.9,1781.7
2024-03-11,24.9,1860.9,2550.3,1770.0
2024-03-12,25.49,1947.0,2554.1,1843.3
2024-03-13,25.36,1928.1,2606.5,1803.1
2024-03-14,25.89,1878.9,2553.2,1787.3
2024-03-15,24.68,1909.7,2659.7,1822.0
2024-03-16,25.02,1931.7,2529.2,1797.8
2024-03-17,25.02,1851.5,2318.4,1769.0
2024-03-18,24.87,1881.0,2550.4,1782.3
2024-03-19,24.9,1887.2,2655.7,1735.6
2024-03-20,24.1,1817.6,2528.0,1700.9
2024-03-21,24.12,1787.1,2425.1,1685.3
2024-03-22,24.38,1801.3,2402.3,1767.9
2024-03-23,25.04,1877.1,2582.6,1800.0
2024-03-24,24.81,1907.8,2517.1,1772.3
2024-03-25,24.5,1859.4,2538.7,1781.0
2024-03-26,24.36,1812.3,2477.0,1675.3
2024-03-27,24.81,1891.8,2617.5,1829.7
2024-03-28,24.96,1758.1,2539.1,1656.1
2024-03-29,24.75,1901.8,2591.0,1803.9
2024-03-30,24.98,1803.9,2404.8,1753.5
2024-03-31,25.01,1861.6,2511.6,1729.9
2024-04-01,25.39,1859.7,2404.4,1724.8
2024-04-02,25.05,1826.8,2424.4,1717.9
2024-04-03,24.9,1914.2,2559.6,1849.6
2024-04-04,24.76,1838.0,2449.9,1700.5
2024-04-05,24.2,1829.1,2478.4,1652.7
2024-04-06,24.44,1830.9,2422.3,1725.8
2024-04-07,24.62,1865.7,2586.0,1789.0
2024-04-08,24.68,1853.8,2502.7,1797.1
2024-04-09,24.63,1795.7,2423.7,1692.0
2024-04-10,24.11,1848.3,2475.5,1743.5
2024-04-11,24.07,1785.7,2420.1,1731.1
2024-04-12,24.07,1743.0,2402.6,1599.8
2024-04-13,23.88,1774.1,2343.1,1673.8
2024-04-14,23.98,1858.6,2469.6,1771.4
2024-04-15,24.29,1855.6,2486.9,1776.3
2024-04-16,25.14,1871.7,2446.1,1762.8
2024-04-17,25.18,1874.7,2481.7,1782.0
2024-04-18,25.25,1880.8,2510.5,1712.1
2024-04-19,25.17,1970.9,2713.2,1852.6
2024-04-20,24.37,1842.7,2503.5,1764.2
2024-04-21,24.44,1850.0,2509.2,1728.1
2024-04-22,24.53,1881.1,2590.5,1788.8
2024-04-23,25.57,1927.4,2593.7,1844.4
2024-04-24,25.39,1894.0,2580.3,1789.0
2024-04-25,25.43,1899.6,2558.3,1809.8
2024-04-26,25.33,1897.1,2577.0,1773.4
2024-04-27,24.79,1857.9,2473.3,1758.8
2024-04-28,25.26,1923.3,2450.1,1845.4
2024-04-29,25.49,1913.9,2575.6,1822.9
2024-04-30,29.2,2219.6,3081.8,2091.0
2024-05-01,28.18,2110.1,2904.1,2011.3
2024-05-02,28.23,2120.2,2920.2,2035.6
2024-05-03,27.15,1956.0,2714.7,1796.7
2024-05-04,27.02,2063.0,2790.4,1994.7
2024-05-05,27.55,2080.1,2819.9,1966.0
2024-05-06,26.73,2044.3,2722.8,1954.9
2024-05-07,26.19,1848.5,2476.6,1792.0
2024-05-08,26.0,2033.7,2782.4,1890.8
2024-05-09,25.6,1914.1,2656.3,1797.1
2024-05-10,24.83,1906.5,2565.4,1802.5
2024-05-11,24.82,1820.0,2430.0,1705.5
2024-05-12,24.36,1851.4,2499.4,1810.9
2024-05-13,24.58,1801.1,2467.6,1685.4
2024-05-14,24.2,1790.1,2330.1,1684.0
2024-05-15,24.87,1941.5,2483.3,1850.6
2024-05-16,24.49,1829.5,2436.8,1701.9
2024-05-17,24.36,1835.7,2404.9,1732.0
2024-05-18,24.69,1886.9,2516.8,1802.1
2024-05-19,24.16,1831.7,2463.9,1730.1
2024-05-20,24.28,1827.1,2439.4,1733.0
2024-05-21,24.81,1875.6,2619.3,1766.0
2024-05-22,24.1,1903.4,2589.2,1762.8
2024-05-23,24.2,1812.7,2465.1,1731.7
2024-05-24,24.31,1831.5,2509.9,1792.6
2024-05-25,24.61,1888.0,2480.5,1794.2
2024-05-26,24.06,1848.5,2557.8,1762.8
2024-05-27,23.55,1813.5,2443.6,1743.6
2024-05-28,23.84,1813.9,2489.0,1685.1
2024-05-29,24.0,1754.5,2304.3,1717.9
2024-05-30,24.12,1874.0,2436.6,1786.3
2024-05-31,24.24,1772.4,2441.9,1732.8
2024-06-01,23.94,1807.4,2462.6,1695.1
2024-06-02,24.04,1772.7,2339.0,1738.6
2024-06-03,24.14,1808.1,2388.7,1740.9
2024-06-04,23.82,1799.9,2497.3,1726.5
2024-06-05,24.58,1856.2,2434.6,1770.5
2024-06-06,24.66,1866.3,2618.1,1765.5
2024-06-07,24.06,1868.8,2468.8,1811.3
2024-06-08,24.28,1839.0,2520.9,1751.3
2024-06-09,23.81,1775.9,2377.7,1628.1
2024-06-10,24.11,1846.8,2529.3,1720.9
2024-06-11,24.51,1885.7,2513.0,1785.8
2024-06-12,24.05,1754.7,2359.0,1676.2
2024-06-13,24.37,1851.6,2502.1,1757.3
2024-06-14,24.41,1859.1,2449.7,1802.7
2024-06-15,24.61,1834.0,2520.3,1683.7
2024-06-16,25.2,1945.3,2595.3,1852.3
2024-06-17,24.84,1857.3,2493.6,1709.9
2024-06-18,24.33,1829.8,2410.5,1761.1
2024-06-19,23.83,1780.5,2250.0,1688.7
2024-06-20,23.43,1758.2,2362.1,1682.9
2024-06-21,23.39,1710.1,2453.3,1598.6
2024-06-22,23.51,1705.3,2349.3,1658.4
2024-06-23,23.58,1832.0,2472.1,1771.7
2024-06-24,23.85,1755.0,2353.4,1684.7
2024-06-25,23.75,1741.8,2352.8,1650.9
2024-06-26,24.24,1731.9,2370.9,1662.7
2024-06-27,23.96,1771.6,2320.8,1661.8
2024-06-28,24.91,1815.6,2517.9,1750.5
2024-06-29,24.88,1931.6,2650.5,1884.5
2024-06-30,24.25,1859.2,2553.0,1798.3
2024-07-01,23.8,1757.8,2399.4,1648.1
2024-07-02,24.04,1893.2,2557.1,1809.4
2024-07-03,23.96,1835.9,2518.9,1705.3
2024-07-04,24.25,1805.8,2473.4,1732.7
2024-07-05,24.4,1730.1,2314.3,1657.1
2024-07-06,24.3,1914.4,2550.0,1762.6
2024-07-07,23.91,1737.3,2351.5,1615.6
2024-07-08,23.29,1681.3,2362.7,1588.7
2024-07-09,23.2,1780.7,2329.5,1682.6
2024-07-10,23.63,1869.8,2436.1,1740.0
2024-07-11,23.73,1835.4,2487.7,1755.3
2024-07-12,23.23,1765.1,2385.9,1684.4
2024-07-13,23.37,1776.6,2408.8,1681.9
2024-07-14,23.57,1801.6,2446.8,1688.9
2024-07-15,23.22,1771.8,2378.5,1714.7
2024-07-16,23.33,1761.3,2467.1,1722.9
2024-07-17,23.39,1758.2,2277.6,1655.8
2024-07-18,22.95,1718.5,2270.3,1614.2
2024-07-19,23.17,1707.4,2298.8,1636.8
2024-07-20,23.43,1746.1,2258.7,1648.1
2024-07-21,23.86,1721.7,2313.7,1631.4
2024-07-22,24.2,1811.4,2545.1,1743.0
2024-07-23,23.52,1724.5,2329.4,1581.0
2024-07-24,23.11,1689.2,2294.2,1644.3
2024-07-25,23.34,1757.5,2297.1,1671.8
2024-07-26,23.53,1820.1,2420.1,1716.7
2024-07-27,23.68,1812.7,2424.7,1719.4
2024-07-28,25.14,1822.8,2441.7,1730.5
2024-07-29,25.07,1840.4,2561.4,1696.4
2024-07-30,25.22,1929.3,2638.1,1877.7
2024-07-31,25.28,1856.6,2439.7,1765.0
2024-08-01,25.2,1881.0,2554.1,1800.2
2024-08-02,24.74,1877.6,2564.7,1812.3
2024-08-03,24.78,1819.5,2524.8,1697.9
2024-08-04,24.19,1818.4,2549.7,1741.7
2024-08-05,23.9,1739.1,2286.9,1644.2
2024-08-06,23.55,1742.2,2303.3,1680.5
2024-08-07,23.47,1773.4,2318.6,1620.9
2024-08-08,24.3,1758.8,2360.3,1667.8
2024-08-09,23.32,1766.9,2413.3,1660.5
2024-08-10,23.51,1762.5,2438.7,1687.4
2024-08-11,22.75,1728.1,2328.4,1655.8
2024-08-12,22.55,1700.1,2276.0,1593.9
2024-08-13,23.0,1779.6,2411.6,1669.3
2024-08-14,22.97,1727.9,2282.5,1638.2
2024-08-15,22.49,1669.3,2378.9,1558.9
2024-08-16,22.21,1670.9,2159.3,1612.6
2024-08-17,22.54,1712.0,2322.3,1615.3
2024-08-18,22.24,1670.2,2376.2,1499.5
2024-08-19,22.37,1679.4,2267.5,1584.2
2024-08-20,22.41,1652.3,2219.2,1538.5
2024-08-21,22.15,1634.9,2185.7,1504.2
2024-08-22,23.05,1672.9,2247.5,1552.1
2024-08-23,23.21,1810.8,2526.9,1723.5
2024-08-24,22.28,1621.1,2055.8,1579.9
2024-08-25,22.37,1649.8,2319.2,1576.7
2024-08-26,22.1,1628.8,2113.4,1529.1
2024-08-27,22.48,1721.5,2308.0,1649.1
2024-08-28,22.13,1648.3,2199.5,1552.1
2024-08-29,22.11,1708.4,2341.6,1602.1
2024-08-30,22.34,1648.5,2129.6,1531.5
2024-08-31,22.67,1711.7,2338.6,1573.6
2024-09-01,22.13,1626.3,2317.0,1533.3
2024-09-02,22.01,1736.6,2262.6,1654.5
2024-09-03,21.85,1591.3,2159.7,1508.9
2024-09-04,21.64,1635.5,2168.2,1541.3
2024-09-05,22.43,1707.6,2330.8,1593.8
2024-09-06,22.55,1708.0,2307.0,1640.9
2024-09-07,21.99,1641.8,2177.9,1520.2
2024-09-08,22.38,1673.3,2288.3,1612.9
2024-09-09,23.19,1741.2,2458.9,1624.1
2024-09-10,23.45,1752.5,2354.4,1642.3
2024-09-11,22.64,1736.4,2387.3,1605.6
2024-09-12,22.36,1765.8,2306.2,1662.4
2024-09-13,22.83,1690.1,2224.2,1634.8
2024-09-14,22.44,1628.0,2226.1,1562.1
2024-09-15,22.56,1688.6,2368.6,1633.5
2024-09-16,22.8,1813.1,2469.0,1738.1
2024-09-17,22.32,1641.8,2197.6,1526.6
2024-09-18,22.26,1734.9,2342.0,1638.2
2024-09-19,20.93,1637.0,2134.9,1531.7
2024-09-20,20.69,1529.7,2101.3,1493.1
2024-09-21,20.79,1582.4,2189.1,1467.3
2024-09-22,20.48,1601.5,2134.9,1548.2
2024-09-23,21.37,1587.8,2115.3,1535.2
2024-09-24,20.9,1559.6,2121.4,1536.5
2024-09-25,20.9,1544.2,2058.4,1454.7
2024-09-26,21.12,1543.8,2080.1,1488.0
2024-09-27,21.84,1612.1,2302.3,1599.9
2024-09-28,21.3,1548.5,2075.6,1452.5
2024-09-29,21.88,1642.3,2195.6,1514.1
2024-09-30,21.91,1612.5,2138.0,1475.5
2024-10-01,21.36,1611.5,2220.2,1552.3
2024-10-02,21.47,1548.3,2079.3,1414.4
2024-10-03,21.46,1623.1,2152.2,1530.8
2024-10-04,21.14,1618.7,2264.5,1550.9
2024-10-05,21.13,1505.0,2116.9,1435.3
2024-10-06,20.94,1585.6,2104.5,1519.1
2024-10-07,20.98,1622.8,2078.8,1548.4
2024-10-08,21.24,1544.5,2145.6,1505.7
2024-10-09,21.83,1704.0,2259.3,1590.2
2024-10-10,21.2,1606.8,2216.6,1506.1
2024-10-11,22.02,1623.1,2072.9,1518.7
2024-10-12,21.08,1578.7,2184.8,1524.7
2024-10-13,21.0,1597.6,2084.1,1544.8
2024-10-14,21.24,1595.9,2198.3,1529.7
2024-10-15,21.32,1620.3,2188.3,1574.8
2024-10-16,21.02,1540.0,2021.8,1427.7
2024-10-17,20.94,1577.6,2105.3,1548.7
2024-10-18,20.76,1500.8,2067.3,1471.5
2024-10-19,20.58,1538.8,2083.7,1483.9
2024-10-20,20.99,1538.4,2111.9,1515.0
2024-10-21,21.16,1557.3,2220.9,1429.7
2024-10-22,20.88,1615.1,2086.6,1518.6
2024-10-23,21.28,1639.5,2310.4,1535.5
2024-10-24,21.39,1628.3,2204.5,1568.5
2024-10-25,21.68,1582.6,2082.5,1471.9
2024-10-26,21.87,1627.3,2117.1,1568.7
2024-10-27,21.44,1656.7,2225.1,1614.9
2024-10-28,21.19,1595.1,2208.7,1536.2
2024-10-29,21.51,1705.8,2295.1,1629.0
2024-10-30,21.72,1645.0,2311.4,1533.1
2024-10-31,21.66,1632.0,2116.2,1525.0
2024-11-01,21.66,1612.3,2175.9,1569.2
2024-11-02,22.13,1665.4,2173.2,1605.5
2024-11-03,21.79,1628.3,2220.0,1545.7
2024-11-04,21.96,1675.4,2314.9,1579.0
2024-11-05,21.81,1673.9,2234.5,1529.4
2024-11-06,25.18,1856.9,2350.5,1731.9
2024-11-07,25.07,1827.2,2478.6,1793.2
2024-11-08,24.88,1792.4,2446.0,1664.4
2024-11-09,24.71,1873.8,2553.9,1785.8
2024-11-10,24.77,1813.9,2523.0,1753.5
2024-11-11,24.32,1737.7,2281.6,1613.2
2024-11-12,24.2,1830.4,2511.9,1744.5
2024-11-13,23.71,1877.7,2606.4,1811.9
2024-11-14,23.55,1765.7,2277.0,1677.8
2024-11-15,23.23,1776.0,2416.8,1773.3
2024-11-16,23.06,1733.1,2309.4,1596.3
2024-11-17,23.12,1730.4,2331.1,1675.6
2024-11-18,22.62,1733.0,2360.4,1641.1
2024-11-19,23.35,1739.9,2319.6,1676.1
2024-11-20,22.75,1716.7,2277.0,1644.1
2024-11-21,22.15,1674.4,2262.5,1568.7
2024-11-22,22.6,1668.6,2187.3,1592.0
2024-11-23,22.85,1753.1,2301.6,1609.7
2024-11-24,22.99,1717.3,2359.1,1649.5
2024-11-25,23.12,1703.8,2231.3,1627.6
2024-11-26,22.98,1745.1,2395.8,1677.0
2024-11-27,22.52,1652.7,2258.9,1601.8
2024-11-28,22.51,1689.7,2177.6,1616.3
2024-11-29,22.22,1666.0,2208.5,1587.2
2024-11-30,22.63,1741.0,2422.0,1627.5
2024-12-01,22.55,1709.9,2249.5,1603.0
2024-12-02,22.2,1664.3,2219.0,1616.7
2024-12-03,22.12,1691.9,2311.8,1650.4
2024-12-04,22.35,1732.1,2385.4,1638.4
2024-12-05,22.17,1684.7,2259.3,1601.9
2024-12-06,21.91,1643.6,2183.0,1534.3
2024-12-07,22.12,1606.8,2254.6,1561.7
2024-12-08,22.31,1630.9,2306.1,1569.4
2024-12-09,22.18,1651.4,2288.1,1627.1
2024-12-10,22.09,1632.3,2208.8,1524.4
2024-12-11,22.3,1665.0,2199.3,1570.4
2024-12-12,21.81,1638.2,2161.8,1563.3
2024-12-13,21.42,1627.9,2229.0,1565.9
2024-12-14,21.37,1600.2,2185.3,1513.7
2024-12-15,21.54,1635.0,2291.3,1527.0
2024-12-16,21.9,1645.0,2259.8,1589.2
2024-12-17,22.68,1621.7,2099.1,1562.3
2024-12-18,23.1,1694.7,2351.0,1582.5
2024-12-19,23.05,1723.4,2266.6,1677.9
2024-12-20,23.08,1682.8,2248.7,1633.8
2024-12-21,22.72,1728.0,2347.8,1645.6
2024-12-22,22.81,1772.1,2512.1,1685.9
2024-12-23,22.79,1757.9,2559.8,1686.7
2024-12-24,23.02,1718.1,2355.8,1606.3
2024-12-25,22.77,1767.1,2374.6,1679.7
2024-12-26,23.1,1738.1,2378.5,1586.6
2024-12-27,23.79,1770.6,2443.6,1708.4
2024-12-28,23.73,1755.0,2350.0,1620.4
2024-12-29,23.89,1779.4,2509.8,1735.5
2024-12-30,24.14,1795.3,2437.4,1695.6
2024-12-31,23.93,1801.9,2462.4,1705.4
2025-01-01,24.01,1807.4,2479.9,1698.2
2025-01-02,24.0,1800.3,2455.7,1701.7
2025-01-03,24.04,1820.1,2507.5,1771.7
2025-01-04,23.72,1826.7,2429.1,1660.8
2025-01-05,23.78,1821.6,2425.6,1768.8
2025-01-06,24.03,1742.7,2286.7,1665.7
2025-01-07,24.63,1744.9,2382.0,1621.4
2025-01-08,24.95,1908.3,2623.0,1780.7
2025-01-09,25.7,1873.0,2556.0,1829.6
2025-01-10,25.18,1879.8,2638.2,1757.5
2025-01-11,25.41,1858.7,2508.9,1731.1
2025-01-12,25.33,1827.4,2507.1,1770.2
2025-01-13,26.07,1976.8,2603.2,1888.1
2025-01-14,25.51,1943.4,2600.4,1818.1
2025-01-15,25.02,1853.8,2544.3,1767.6
2025-01-16,24.72,1750.1,2413.6,1631.9
2025-01-17,23.85,1767.1,2368.0,1711.8
2025-01-18,23.76,1798.0,2423.0,1740.0
2025-01-19,23.6,1711.1,2218.9,1641.5
2025-01-20,23.84,1795.1,2401.9,1716.2
2025-01-21,24.12,1808.3,2494.6,1770.7
2025-01-22,24.98,1896.6,2594.9,1801.7
2025-01-23,25.35,1905.7,2602.8,1775.0
2025-01-24,25.05,1840.1,2487.2,1761.6
2025-01-25,24.68,1899.2,2564.3,1866.8
2025-01-26,24.93,1863.6,2476.2,1739.9
2025-01-27,24.42,1830.8,2513.5,1728.4
2025-01-28,25.26,1857.2,2532.5,1776.8
2025-01-29,25.72,1911.0,2609.4,1813.9
2025-01-30,25.45,1873.5,2497.6,1750.3
2025-01-31,24.73,1848.2,2365.9,1789.4
2025-02-01,25.36,1970.4,2725.8,1941.4
2025-02-02,25.31,1843.2,2459.6,1756.9
2025-02-03,25.81,1871.3,2474.5,1750.6
2025-02-04,25.11,1942.3,2663.8,1798.8
2025-02-05,24.92,1860.9,2488.7,1775.6
2025-02-06,25.01,1849.0,2559.8,1789.7
2025-02-07,25.11,1924.6,2635.2,1842.6
2025-02-08,25.0,1850.4,2539.1,1757.8
2025-02-09,25.34,1973.2,2581.9,1856.9
2025-02-10,24.95,1898.7,2636.0,1771.0
2025-02-11,25.01,1856.0,2521.3,1788.2
2025-02-12,25.16,1973.4,2641.9,1902.1
2025-02-13,25.46,1885.0,2553.3,1744.4
2025-02-14,25.79,1964.0,2544.8,1913.5
2025-02-15,25.35,1912.9,2607.0,1834.5
2025-02-16,24.81,1912.8,2520.5,1859.1
2025-02-17,25.48,1973.7,2583.4,1834.8
2025-02-18,25.68,1927.5,2510.8,1790.2
2025-02-19,25.43,1876.8,2600.4,1778.5
2025-02-20,26.13,1978.3,2632.9,1894.5
2025-02-21,26.16,1935.1,2704.4,1892.2
2025-02-22,26.62,2076.9,2771.7,1994.3
2025-02-23,26.57,1998.0,2594.8,1890.8
2025-02-24,27.32,2034.7,2679.9,1902.2
2025-02-25,27.85,2096.2,2904.0,2028.3
2025-02-26,27.5,2008.6,2702.3,1879.3
2025-02-27,27.7,2038.3,2718.8,1985.2
2025-02-28,27.73,2128.1,2882.6,2013.2
2025-03-01,28.06,2078.4,2835.9,2022.2
2025-03-02,27.41,2013.9,2785.8,1933.6
2025-03-03,27.52,2085.6,2902.4,1977.2
2025-03-04,27.77,2130.0,2854.0,2007.9
2025-03-05,26.85,2042.9,2678.3,1930.5
2025-03-06,26.31,2013.3,2693.1,1925.4
2025-03-07,25.51,1883.1,2557.9,1791.3
2025-03-08,25.54,1858.9,2451.7,1748.1
2025-03-09,25.97,2007.7,2653.0,1902.3
2025-03-10,26.65,1985.6,2701.2,1888.7
2025-03-11,26.66,1989.1,2682.4,1825.8
2025-03-12,27.29,2099.7,2836.5,2008.4
2025-03-13,26.62,2019.0,2680.2,1888.7
2025-03-14,25.93,1963.2,2636.5,1830.5
2025-03-15,26.01,2037.2,2694.8,1884.7
2025-03-16,26.25,1943.1,2676.5,1792.1
2025-03-17,26.29,2009.0,2774.3,1867.9
2025-03-18,25.52,1916.0,2475.8,1798.9
2025-03-19,25.65,1934.5,2555.8,1896.4
2025-03-20,25.28,1957.2,2552.4,1843.5
2025-03-21,25.76,1952.1,2596.4,1859.8
2025-03-22,26.04,1974.8,2661.0,1888.1
2025-03-23,25.77,1975.4,2579.8,1880.5
2025-03-24,25.7,1913.1,2527.4,1815.1
2025-03-25,25.43,1873.9,2469.5,1744.3
2025-03-26,25.6,1878.4,2548.3,1828.0
2025-03-27,26.16,1883.0,2546.2,1843.1
2025-03-28,25.85,2021.1,2685.1,1869.5
2025-03-29,26.19,1920.0,2602.7,1793.3
2025-03-30,26.06,1945.9,2594.2,1840.2
2025-03-31,25.85,1927.9,2586.4,1802.6
2025-04-01,25.95,1958.5,2744.4,1875.7
2025-04-02,25.66,1957.2,2722.6,1837.5
2025-04-03,25.61,1955.0,2561.3,1922.2
2025-04-04,25.31,1874.7,2580.6,1816.7
2025-04-05,26.32,1967.0,2704.2,1875.0
2025-04-06,26.4,1991.5,2619.6,1922.7
2025-04-07,26.18,1953.7,2686.6,1889.2
2025-04-08,26.36,2041.3,2848.1,1922.3
2025-04-09,26.38,1998.2,2630.3,1873.8
2025-04-10,26.36,2006.1,2653.1,1908.1
2025-04-11,26.67,2026.6,2796.9,1951.1
2025-04-12,26.99,2071.2,2812.3,1971.8
2025-04-13,26.75,2013.3,2751.1,1865.3
2025-04-14,26.52,1937.4,2635.9,1816.4
2025-04-15,26.45,1999.9,2723.3,1897.7
2025-04-16,25.58,1892.5,2475.3,1795.6
2025-04-17,25.15,1865.3,2581.1,1831.3
2025-04-18,25.94,1969.1,2728.4,1829.1
2025-04-19,26.72,2053.7,2758.7,1966.2
2025-04-20,26.63,1997.9,2694.5,1942.6
2025-04-21,26.87,2028.0,2645.9,1994.7
2025-04-22,26.98,2091.4,2854.3,1974.7
2025-04-23,28.17,2122.5,2899.6,2031.1
2025-04-24,28.4,2234.1,3012.2,2139.4
2025-04-25,28.09,2129.6,2942.5,2029.0
2025-04-26,27.5,1992.1,2669.3,1889.5
2025-04-27,26.73,2035.2,2781.4,1946.5
2025-04-28,26.8,2025.6,2673.3,1848.3
2025-04-29,26.48,2037.5,2749.2,1956.0
2025-04-30,25.93,1971.9,2651.5,1877.0
2025-05-01,25.78,1927.7,2615.9,1824.6
2025-05-02,25.47,1861.1,2490.3,1829.4
2025-05-03,26.31,1964.9,2644.7,1846.4
2025-05-04,26.7,1968.5,2707.1,1858.0
2025-05-05,26.67,1977.4,2643.2,1938.2
2025-05-06,27.24,2066.9,2693.9,1938.6
2025-05-07,27.17,2104.2,2945.6,1982.5
2025-05-08,26.72,2019.7,2809.5,1914.3
2025-05-09,27.29,1999.0,2621.1,1924.3
2025-05-10,27.38,2071.3,2837.6,1974.0
2025-05-11,26.82,2059.5,2750.2,1917.8
2025-05-12,26.68,1976.9,2684.6,1862.1
2025-05-13,26.29,1966.2,2672.1,1849.7
2025-05-14,25.75,1931.5,2593.4,1832.6
2025-05-15,26.2,1933.9,2563.7,1850.0
2025-05-16,26.98,2049.7,2725.7,1959.8
2025-05-17,26.32,1969.1,2603.3,1817.4
2025-05-18,26.54,2006.9,2659.5,1938.5
2025-05-19,26.23,1931.7,2603.8,1842.7
2025-05-20,26.03,1934.9,2569.1,1879.6
2025-05-21,25.82,1965.1,2693.9,1880.2
2025-05-22,25.52,1899.2,2653.1,1837.3
2025-05-23,25.63,1991.4,2653.6,1905.8
2025-05-24,25.37,1886.6,2561.3,1832.7
2025-05-25,25.58,1927.6,2632.2,1846.9
2025-05-26,25.63,1959.5,2673.6,1858.6
2025-05-27,25.59,1862.5,2519.0,1837.6
2025-05-28,25.29,1826.0,2509.6,1761.3
2025-05-29,25.15,1825.5,2493.4,1751.4
2025-05-30,25.57,1968.2,2582.9,1831.5
2025-05-31,25.82,1914.2,2636.3,1779.9
2025-06-01,25.43,2009.7,2766.3,1918.0
2025-06-02,25.53,1892.1,2508.6,1801.9
2025-06-03,25.87,1947.5,2631.4,1831.7
2025-06-04,25.18,1950.4,2674.1,1857.1
2025-06-05,25.48,1991.3,2675.7,1939.4
2025-06-06,25.25,1976.0,2732.0,1898.0
2025-06-07,25.54,1963.5,2792.6,1831.1
2025-06-08,25.24,1934.2,2564.0,1834.1
2025-06-09,24.57,1866.6,2437.1,1749.1
2025-06-10,24.07,1836.2,2497.1,1732.8
2025-06-11,24.3,1800.7,2474.3,1698.3
2025-06-12,24.58,1811.1,2431.1,1706.2
2025-06-13,24.35,1826.2,2552.5,1697.2
2025-06-14,24.76,1850.5,2417.9,1754.2
2025-06-15,24.19,1796.2,2466.4,1689.6
2025-06-16,24.34,1853.1,2465.3,1672.5
2025-06-17,24.0,1837.9,2584.3,1807.6
2025-06-18,23.92,1797.9,2546.7,1740.7
2025-06-19,24.14,1869.5,2477.8,1764.7
2025-06-20,23.95,1750.7,2330.5,1663.8
2025-06-21,23.98,1790.6,2468.9,1665.9
2025-06-22,24.55,1812.6,2423.8,1772.9
2025-06-23,24.4,1755.2,2366.8,1724.4
2025-06-24,24.83,1858.8,2511.0,1770.6
2025-06-25,24.4,1825.3,2349.0,1764.8
2025-06-26,24.7,1912.9,2581.6,1822.5
2025-06-27,25.31,1923.4,2555.2,1787.1
2025-06-28,24.26,1778.3,2371.1,1677.0
2025-06-29,24.03,1876.2,2619.5,1786.3
2025-06-30,24.38,1877.0,2458.5,1769.5
2025-07-01,24.53,1863.3,2564.3,1763.6
2025-07-02,24.89,1857.9,2491.4,1762.2
2025-07-03,24.8,1821.7,2442.5,1728.2
2025-07-04,24.99,1859.7,2558.0,1768.3
2025-07-05,25.06,1922.8,2616.1,1794.8
2025-07-06,25.63,1997.8,2731.3,1876.4
2025-07-07,25.75,1993.1,2748.7,1854.9
2025-07-08,25.88,1921.4,2574.0,1854.7
2025-07-09,25.68,1881.5,2503.2,1724.2
2025-07-10,25.48,1916.7,2522.4,1855.4
2025-07-11,25.32,1828.6,2419.1,1778.8
2025-07-12,25.52,1926.7,2778.0,1821.3
2025-07-13,25.35,1895.3,2633.3,1722.4
2025-07-14,25.48,1892.7,2474.1,1787.3
2025-07-15,26.31,1909.4,2498.3,1812.0
2025-07-16,26.52,2009.7,2742.1,1878.9
2025-07-17,26.22,1945.2,2658.8,1832.4
2025-07-18,26.57,1945.8,2659.7,1894.4
2025-07-19,26.21,1851.2,2483.8,1778.5
2025-07-20,25.26,1893.1,2548.2,1770.7
2025-07-21,24.85,1934.5,2631.3,1789.9
2025-07-22,24.15,1877.8,2540.2,1774.1
2025-07-23,24.16,1793.8,2288.5,1697.8
2025-07-24,24.31,1799.4,2415.4,1724.3
2025-07-25,25.1,1901.2,2515.6,1790.1
2025-07-26,25.22,1851.8,2510.5,1774.6
2025-07-27,25.1,1894.9,2737.3,1858.2
2025-07-28,25.42,1937.0,2637.0,1864.6
2025-07-29,24.46,1883.9,2524.4,1788.2
2025-07-30,24.63,1842.9,2543.3,1745.3
2025-07-31,24.97,1864.8,2546.5,1760.9
2025-08-01,24.36,1792.1,2444.6,1738.0
2025-08-02,24.89,1833.6,2511.8,1723.1
2025-08-03,28.51,2129.2,2997.7,2024.1
2025-08-04,27.78,2098.2,2764.7,1994.8
2025-08-05,27.58,2104.7,2869.7,1984.4
2025-08-06,28.05,2071.7,2741.3,1927.0
2025-08-07,27.62,2130.9,2910.1,2034.1
2025-08-08,27.27,2034.3,2691.1,1930.7
2025-08-09,26.69,2000.5,2675.7,1915.5
2025-08-10,26.03,1922.3,2577.4,1810.2
2025-08-11,26.14,1863.4,2574.2,1806.9
2025-08-12,25.55,1951.9,2690.2,1828.0
2025-08-13,25.42,1936.2,2539.1,1890.8
2025-08-14,25.09,1870.4,2528.3,1724.4
2025-08-15,25.18,1891.4,2510.8,1809.9
2025-08-16,25.2,1910.7,2503.9,1829.4
2025-08-17,25.49,1849.5,2483.9,1733.2
2025-08-18,25.12,1862.9,2496.4,1782.4
2025-08-19,24.9,1898.9,2709.1,1842.3
2025-08-20,24.42,1781.1,2430.4,1625.5
2025-08-21,24.22,1828.3,2385.5,1751.9
2025-08-22,24.38,1774.1,2361.2,1610.6
2025-08-23,24.66,1868.3,2583.4,1745.9
2025-08-24,24.23,1815.6,2576.4,1773.7
2025-08-25,24.57,1778.3,2305.5,1671.9
2025-08-26,25.06,1925.8,2487.0,1794.3
2025-08-27,25.09,1852.2,2612.7,1753.6
2025-08-28,25.7,1894.8,2581.4,1862.1
2025-08-29,25.15,1894.4,2505.3,1744.7
2025-08-30,24.5,1883.2,2574.5,1757.5
2025-08-31,23.72,1738.7,2189.1,1696.7
2025-09-01,24.38,1830.7,2471.6,1794.9
2025-09-02,24.59,1861.4,2532.6,1765.2
2025-09-03,24.49,1864.2,2572.1,1733.8
2025-09-04,24.53,1846.7,2432.3,1817.3
2025-09-05,24.0,1785.4,2415.5,1744.0
2025-09-06,24.98,1840.4,2429.0,1768.7
2025-09-07,24.88,1869.7,2539.4,1751.8
2025-09-08,24.79,1816.4,2398.4,1724.1
2025-09-09,24.96,1754.9,2344.7,1662.4
2025-09-10,25.0,1892.4,2495.0,1807.7
2025-09-11,24.93,1905.9,2612.1,1854.2
2025-09-12,24.46,1740.3,2401.0,1679.7
2025-09-13,24.57,1802.6,2419.4,1680.1
2025-09-14,25.23,1916.8,2590.0,1862.3
2025-09-15,25.57,1999.9,2613.0,1909.3
2025-09-16,25.96,1947.5,2611.2,1870.8
2025-09-17,25.44,1879.1,2533.8,1829.1
2025-09-18,24.81,1853.8,2659.9,1727.8
2025-09-19,24.63,1901.9,2500.9,1805.7
2025-09-20,24.54,1814.4,2537.3,1707.8
2025-09-21,24.88,1833.8,2535.4,1695.1
2025-09-22,24.05,1784.5,2425.9,1705.6
2025-09-23,24.64,1809.6,2548.5,1794.5
2025-09-24,24.46,1839.4,2505.5,1692.2
2025-09-25,24.2,1880.1,2561.5,1785.2
2025-09-26,23.75,1794.1,2418.8,1723.6
2025-09-27,23.11,1722.9,2399.3,1640.5
2025-09-28,23.55,1754.8,2434.7,1663.6
2025-09-29,23.63,1709.9,2270.8,1585.4
2025-09-30,23.15,1771.9,2313.0,1690.3
2025-10-01,22.57,1689.5,2268.6,1582.3
2025-10-02,22.45,1676.8,2215.7,1527.2
2025-10-03,23.16,1864.6,2513.5,1807.2
2025-10-04,22.99,1736.1,2417.9,1678.0
2025-10-05,22.35,1645.9,2194.6,1565.2
2025-10-06,22.31,1655.9,2232.9,1580.0
2025-10-07,22.26,1715.5,2319.5,1662.0
2025-10-08,21.26,1598.7,2209.1,1525.5
2025-10-09,21.46,1551.9,1960.3,1501.4
2025-10-10,21.56,1654.0,2196.5,1562.4
2025-10-11,22.02,1625.1,2206.6,1583.2
2025-10-12,22.88,1790.9,2489.7,1710.9
2025-10-13,23.32,1792.1,2389.8,1708.3
2025-10-14,23.14,1717.3,2205.8,1593.4
2025-10-15,22.65,1749.9,2399.5,1671.0
2025-10-16,23.71,1780.8,2366.0,1666.8
2025-10-17,23.61,1804.6,2364.8,1695.2
2025-10-18,23.5,1782.1,2368.4,1668.6
2025-10-19,23.4,1721.4,2312.8,1603.3
2025-10-20,23.41,1730.0,2299.2,1707.2
2025-10-21,23.28,1787.3,2280.5,1737.9
2025-10-22,23.0,1711.9,2364.9,1683.9
2025-10-23,22.78,1692.4,2361.3,1571.1
2025-10-24,22.8,1671.9,2296.1,1590.4
2025-10-25,22.62,1713.2,2244.6,1588.7
2025-10-26,22.4,1762.2,2366.8,1653.2
2025-10-27,22.54,1647.7,2224.0,1537.8
2025-10-28,22.52,1690.0,2317.4,1642.6
2025-10-29,23.21,1797.3,2466.5,1695.5
2025-10-30,22.14,1657.3,2193.3,1606.5
2025-10-31,22.73,1722.9,2330.8,1654.9
2025-11-01,23.3,1704.9,2329.0,1688.7
2025-11-02,22.46,1701.4,2384.3,1572.0
2025-11-03,22.44,1675.4,2304.1,1629.4
2025-11-04,22.42,1720.6,2370.2,1669.0
2025-11-05,21.99,1696.5,2295.2,1582.4
2025-11-06,21.88,1744.4,2439.5,1687.4
2025-11-07,21.66,1647.4,2248.6,1575.1
2025-11-08,22.62,1709.4,2256.0,1617.1
2025-11-09,23.11,1741.3,2435.0,1629.5
2025-11-10,23.67,1761.4,2419.8,1651.8
2025-11-11,23.94,1808.7,2415.1,1779.7
2025-11-12,23.42,1744.8,2326.8,1657.6
2025-11-13,23.23,1749.2,2379.2,1685.2
2025-11-14,23.48,1813.9,2476.5,1699.5
2025-11-15,23.02,1685.9,2287.8,1578.2
2025-11-16,23.4,1800.4,2449.2,1742.8
2025-11-17,23.35,1803.7,2536.9,1673.0
2025-11-18,23.25,1739.4,2412.4,1639.9
2025-11-19,23.62,1686.3,2288.0,1603.1
2025-11-20,23.82,1762.4,2435.7,1677.6
2025-11-21,23.68,1828.0,2405.9,1731.2
2025-11-22,24.18,1812.3,2470.4,1733.5
2025-11-23,23.71,1737.9,2454.8,1671.8
2025-11-24,23.99,1779.1,2388.7,1712.2
2025-11-25,24.23,1850.8,2447.7,1728.7
2025-11-26,24.08,1827.7,2428.2,1727.8
2025-11-27,24.21,1806.1,2372.8,1751.6
2025-11-28,23.7,1762.5,2332.2,1701.2
2025-11-29,24.14,1794.5,2400.3,1663.5
2025-11-30,24.07,1768.5,2303.1,1690.6
2025-12-01,23.89,1856.3,2506.9,1704.1
2025-12-02,24.37,1814.8,2504.1,1725.4
2025-12-03,24.08,1854.8,2449.5,1819.0
2025-12-04,23.56,1828.0,2559.0,1708.2
2025-12-05,23.07,1770.1,2420.2,1656.5
2025-12-06,23.52,1746.7,2419.9,1682.3
2025-12-07,23.16,1752.8,2326.9,1618.9
2025-12-08,24.07,1804.1,2486.8,1694.9
2025-12-09,23.31,1712.4,2246.2,1644.7
2025-12-10,24.19,1827.3,2520.3,1716.9
2025-12-11,24.35,1779.1,2412.1,1683.1
2025-12-12,24.37,1875.2,2564.7,1803.7
2025-12-13,24.21,1797.3,2355.9,1720.1
2025-12-14,24.46,1842.8,2434.1,1758.7
2025-12-15,24.51,1849.5,2532.7,1746.9
2025-12-16,25.01,1865.5,2461.6,1783.4
2025-12-17,25.05,1902.2,2595.8,1803.4
2025-12-18,25.1,1863.8,2434.1,1784.4
2025-12-19,24.95,1906.2,2624.3,1796.0
2025-12-20,24.95,1817.5,2379.7,1721.2
2025-12-21,25.1,1887.9,2581.8,1763.8
2025-12-22,24.43,1910.2,2616.2,1813.6
2025-12-23,24.02,1761.3,2335.9,1648.9
2025-12-24,24.51,1810.8,2479.5,1686.9
2025-12-25,24.7,1873.0,2544.2,1787.1
2025-12-26,24.73,1861.9,2481.2,1775.2
2025-12-27,24.84,1877.2,2473.7,1806.9
2025-12-28,25.08,1900.4,2447.8,1792.5
2025-12-29,24.93,1895.2,2579.4,1812.6
2025-12-30,24.72,1898.1,2468.6,1819.7
2025-12-31,24.93,1886.3,2552.2,1805.3
2026-01-01,24.65,1839.3,2467.2,1722.5
2026-01-02,24.98,1900.1,2605.9,1809.6
2026-01-03,24.41,1907.1,2556.4,1822.7
2026-01-04,25.04,1872.5,2508.1,1779.1
2026-01-05,25.35,1862.3,2558.1,1706.6
2026-01-06,25.54,1959.6,2665.6,1866.5
2026-01-07,26.0,1944.8,2644.5,1913.9
2026-01-08,26.66,1912.9,2610.5,1806.4
2026-01-09,26.98,2057.3,2685.2,1932.6
2026-01-10,26.11,1937.0,2660.3,1851.3
2026-01-11,25.61,1916.8,2624.5,1830.4
2026-01-12,25.45,1921.7,2533.3,1861.4
2026-01-13,25.58,1925.8,2585.3,1791.8
2026-01-14,25.89,1970.2,2657.4,1893.7
2026-01-15,25.67,1907.7,2567.4,1830.1
2026-01-16,25.85,1959.4,2665.2,1857.1
2026-01-17,25.64,1912.4,2667.6,1826.9
2026-01-18,25.52,1943.5,2688.6,1877.2
2026-01-19,25.11,1907.7,2496.6,1838.5
2026-01-20,24.96,1834.4,2513.8,1708.4
2026-01-21,24.67,1893.4,2635.8,1823.4
2026-01-22,24.58,1821.7,2482.5,1728.7
2026-01-23,25.32,1931.1,2672.4,1836.7
2026-01-24,25.15,1901.1,2687.3,1808.3
2026-01-25,26.45,2057.5,2839.0,1950.1
2026-01-26,26.71,1994.2,2707.1,1930.2
2026-01-27,26.81,1996.7,2758.2,1894.3
2026-01-28,26.48,1985.5,2689.1,1852.6
2026-01-29,26.84,2000.6,2702.3,1888.8
2026-01-30,26.63,2029.5,2718.7,1933.4
2026-01-31,26.75,1941.3,2714.5,1881.1
2026-02-01,27.82,2044.6,2711.1,1960.4
2026-02-02,27.68,2033.4,2837.1,1906.3
2026-02-03,28.07,2143.0,2923.1,2110.4
2026-02-04,27.66,2142.9,2808.9,2043.7
2026-02-05,27.59,2064.7,2809.5,1999.8
2026-02-06,28.25,2112.1,2725.4,2002.0
2026-02-07,27.86,2092.7,2862.6,2004.0
2026-02-08,28.52,2185.3,3003.2,2101.2
2026-02-09,28.64,2110.6,2813.8,2041.6
2026-02-10,28.23,2127.1,2879.0,2052.5
2026-02-11,28.38,2167.3,3043.1,2085.1
2026-02-12,28.64,2168.0,2896.5,2050.1
2026-02-13,28.73,2162.2,2855.4,2036.9
2026-02-14,27.93,2134.9,2971.0,2038.2
2026-02-15,27.6,1961.7,2766.0,1891.6
2026-02-16,27.51,2090.4,2822.3,1979.2
2026-02-17,27.51,2037.2,2810.9,1967.3
2026-02-18,27.79,2011.4,2795.9,1954.4
2026-02-19,27.86,2110.2,2804.3,1977.2
2026-02-20,27.32,2104.1,2811.4,1973.8
2026-02-21,27.55,2061.0,2856.2,1953.7
2026-02-22,27.85,2126.6,2972.0,2029.5
2026-02-23,28.08,2170.4,2963.9,2046.2
2026-02-24,28.49,2189.4,2902.9,2120.5
2026-02-25,28.75,2221.6,3118.3,2123.2
2026-02-26,28.82,2191.0,2926.0,2082.7
2026-02-27,28.67,2153.4,2887.0,2002.6
2026-02-28,27.92,2029.5,2760.4,1888.6
2026-03-01,28.11,2098.6,2926.3,2002.1
2026-03-02,28.2,2080.9,2860.5,1912.9
2026-03-03,28.3,2209.0,3007.0,2128.9
2026-03-04,27.77,2075.3,2829.5,1966.8
2026-03-05,27.4,2059.6,2783.1,2054.0
2026-03-06,27.94,2117.6,2892.2,2080.9
2026-03-07,27.97,2099.4,2682.4,1989.0
2026-03-08,28.29,2189.2,2937.6,2076.6
2026-03-09,28.3,2097.3,2845.9,2022.3
2026-03-10,28.31,2131.0,2807.8,2075.5
2026-03-11,28.69,2121.8,2887.7,1966.6
2026-03-12,28.43,2079.4,2795.0,1921.9
2026-03-13,28.46,2109.9,2953.7,1985.8
2026-03-14,28.26,2118.2,2954.0,2029.8
2026-03-15,28.11,2091.1,2795.0,2001.4
2026-03-16,28.03,2074.8,2791.9,2003.1
2026-03-17,28.18,2057.4,2773.1,1918.6
2026-03-18,28.03,2099.1,2806.6,1924.6
2026-03-19,28.6,2084.8,2826.2,2006.3
2026-03-20,28.22,2147.3,2853.3,2015.0
2026-03-21,31.69,2380.1,3145.3,2200.6
2026-03-22,31.04,2269.6,3101.3,2160.4
2026-03-23,31.24,2330.6,3184.1,2237.9
2026-03-24,30.91,2288.4,3041.1,2170.3
2026-03-25,30.97,2335.6,3206.8,2205.1
2026-03-26,30.01,2304.7,3073.5,2184.7
2026-03-27,29.9,2167.8,2941.8,2048.3
2026-03-28,30.06,2259.2,3099.1,2105.8
2026-03-29,29.87,2234.0,3013.9,2100.9
2026-03-30,30.11,2284.9,3111.8,2186.3
2026-03-31,29.67,2234.0,2985.0,2132.0
2026-04-01,30.08,2225.7,2992.9,2119.5
2026-04-02,30.78,2295.5,3086.5,2150.8
2026-04-03,30.31,2241.2,2980.8,2123.7
2026-04-04,29.88,2283.7,3072.4,2104.2
2026-04-05,30.27,2271.0,2972.9,2162.8
2026-04-06,30.65,2375.1,3176.9,2299.2
2026-04-07,30.14,2258.1,3031.3,2101.0
2026-04-08,29.75,2202.5,2958.1,2074.8
2026-04-09,29.46,2149.3,2887.1,2051.7
2026-04-10,28.8,2087.9,2815.0,2021.1
2026-04-11,28.41,2067.1,2819.4,1950.3
2026-04-12,28.04,2113.5,2905.7,1987.0
2026-04-13,27.82,2106.7,2805.0,1942.3
2026-04-14,27.92,2031.0,2669.7,1932.6
2026-04-15,28.12,2144.8,2833.0,2098.8
2026-04-16,28.81,2141.7,2862.0,2042.9
2026-04-17,28.38,2134.5,2860.5,2027.1
2026-04-18,28.81,2225.0,2957.6,2123.5
2026-04-19,28.69,2187.5,2875.4,2077.8
2026-04-20,28.65,2138.2,2859.2,2006.9
2026-04-21,28.91,2132.6,2889.9,2050.7
2026-04-22,28.41,2044.6,2795.9,1949.1
2026-04-23,28.58,2114.9,2821.7,2009.7
2026-04-24,28.64,2139.8,2863.9,2003.5
2026-04-25,28.82,2122.2,2809.4,2055.2
2026-04-26,28.89,2161.7,2916.4,2073.5
2026-04-27,29.82,2239.3,2972.2,2110.8
2026-04-28,29.36,2193.2,2995.2,2113.6
2026-04-29,29.02,2150.3,2795.7,2027.8
2026-04-30,28.68,2158.1,2891.8,2026.7
2026-05-01,28.43,2149.7,2920.1,2019.4
2026-05-02,28.17,2069.3,2804.6,1912.7
2026-05-03,28.68,2207.7,3142.0,2111.5
2026-05-04,29.21,2186.7,2973.1,2022.5
2026-05-05,28.86,2165.0,2862.5,2019.9
2026-05-06,28.45,2162.0,2913.0,1991.6
2026-05-07,28.62,2155.9,2803.9,2045.5
2026-05-08,28.36,2164.8,2917.6,2052.0
2026-05-09,28.6,2156.5,2861.3,2038.9
2026-05-10,28.63,2123.0,2921.0,1985.6
2026-05-11,27.97,2112.3,2818.6,1971.5
2026-05-12,28.63,2101.5,2830.0,2010.3
2026-05-13,29.29,2200.8,2932.9,2074.2
2026-05-14,28.88,2164.4,3026.2,2065.6
2026-05-15,28.61,2137.8,2866.7,2004.3
2026-05-16,28.66,2144.2,3004.6,2042.4
2026-05-17,28.71,2078.0,2854.2,2013.2
2026-05-18,28.88,2144.1,2923.5,2054.5
2026-05-19,29.56,2220.9,3020.4,2097.5
2026-05-20,29.26,2201.2,2995.2,2098.8
2026-05-21,28.76,2115.6,2740.4,2002.6
2026-05-22,28.09,2157.3,2895.6,2049.7
2026-05-23,27.78,2048.6,2816.3,1936.4
2026-05-24,27.79,2122.8,2862.8,2011.7
2026-05-25,28.52,2156.2,2826.5,2054.7
2026-05-26,28.22,2090.4,2818.9,1956.1
2026-05-27,28.25,2189.7,3058.4,2049.8
2026-05-28,28.18,2065.5,2863.3,1920.6
2026-05-29,28.59,2181.2,2940.9,2024.2
2026-05-30,29.48,2250.8,3095.7,2101.7
2026-05-31,29.0,2148.2,2878.1,2045.6
2026-06-01,28.61,2201.3,2869.5,2064.4
2026-06-02,28.88,2156.2,2855.4,2063.8
2026-06-03,28.97,2184.0,3042.1,2075.8
2026-06-04,29.5,2222.7,2984.3,2052.6
2026-06-05,29.44,2202.6,2958.9,2112.1
2026-06-06,29.01,2208.1,2962.9,2122.0
2026-06-07,29.02,2208.0,3095.0,2067.8
2026-06-08,29.23,2122.0,2962.2,2028.5
2026-06-09,29.28,2248.4,3168.4,2110.3
2026-06-10,29.2,2123.5,2857.2,2020.3
2026-06-11,29.35,2242.5,3045.1,2092.5
2026-06-12,29.51,2258.5,2957.9,2091.7
2026-06-13,29.73,2186.1,3039.8,2065.3
2026-06-14,29.62,2204.8,2906.4,2090.8
2026-06-15,29.19,2144.8,2908.5,2025.7
2026-06-16,28.94,2162.2,2853.1,2018.5
2026-06-17,29.15,2174.3,2899.9,2053.6
2026-06-18,28.52,2170.1,2879.4,2069.7
2026-06-19,28.45,2186.0,2914.6,2075.3
2026-06-20,28.08,2161.6,2885.8,2059.0
2026-06-21,27.92,2071.8,2764.1,1948.1
2026-06-22,28.29,2113.3,2903.0,2042.8
2026-06-23,28.16,2044.6,2693.9,1907.1
2026-06-24,27.98,2066.6,2803.2,1977.9
2026-06-25,27.27,2083.7,2886.1,2015.0
2026-06-26,27.5,2126.9,2840.5,2034.9
2026-06-27,27.64,2023.9,2689.2,1916.7
2026-06-28,28.37,2104.1,2826.8,1983.1
2026-06-29,28.0,2098.6,2903.9,2024.7
2026-06-30,27.88,2102.2,2849.7,1954.4
2026-07-01,27.97,2065.3,2756.3,1932.9
2026-07-02,28.57,2159.7,2944.7,2039.8
2026-07-03,28.41,2111.5,2784.4,2043.1
2026-07-04,28.41,2130.3,2916.8,2035.2
2026-07-05,28.54,2162.4,2943.8,2025.3
2026-07-06,28.48,2136.1,2865.2,2020.0
2026-07-07,28.16,2094.9,2777.8,1971.7
2026-07-08,28.15,2106.8,2790.9,1980.1
2026-07-09,28.48,2132.6,2911.1,2055.3
2026-07-10,27.92,2079.1,2880.6,1934.0
2026-07-11,27.9,2082.1,2772.5,2026.2
2026-07-12,27.54,2129.7,2902.5,2048.0
2026-07-13,27.99,2121.9,2739.3,2048.5
2026-07-14,27.28,2034.3,2711.3,1918.7
2026-07-15,27.06,2057.3,2775.4,1949.9
2026-07-16,27.24,2029.4,2685.1,1885.0
2026-07-17,27.86,2136.3,2827.9,2013.8
2026-07-18,27.73,2094.5,2787.5,2004.6
2026-07-19,27.42,2052.1,2787.8,1988.3
2026-07-20,28.12,2127.1,2860.3,1987.5
2026-07-21,27.38,1991.0,2553.5,1880.5
2026-07-22,26.45,1938.8,2490.1,1837.3
2026-07-23,26.71,1955.4,2603.3,1815.7
2026-07-24,26.54,1996.6,2722.8,1914.5
2026-07-25,26.19,2033.7,2580.7,1910.3
2026-07-26,26.58,2082.8,2781.7,1972.8
2026-07-27,26.72,2029.4,2708.1,1914.4
2026-07-28,26.51,2008.1,2794.3,1884.0
2026-07-29,26.04,1880.8,2515.9,1786.5
2026-07-30,26.49,1965.3,2676.1,1860.6
2026-07-31,26.79,1977.5,2678.1,1867.5
2026-08-01,26.73,1980.1,2545.3,1859.2
2026-08-02,27.46,2052.7,2817.3,1959.7
2026-08-03,26.91,1999.0,2711.6,1948.7
2026-08-04,26.25,1889.4,2581.2,1799.2
2026-08-05,26.02,1981.3,2910.3,1912.1
2026-08-06,26.08,1912.8,2457.3,1775.5
2026-08-07,26.24,1977.3,2772.9,1883.2
2026-08-08,26.18,2046.1,2745.0,1910.9
2026-08-09,26.36,1939.9,2636.1,1798.6
2026-08-10,25.86,1838.5,2479.3,1724.4
2026-08-11,26.52,1977.4,2644.1,1914.3
2026-08-12,26.46,2028.6,2704.4,1955.7
2026-08-13,26.89,2094.9,2847.9,1997.4
2026-08-14,26.94,1971.0,2569.9,1826.5
2026-08-15,27.02,2046.3,2807.6,1938.1
2026-08-16,27.13,2016.2,2696.9,1924.5
2026-08-17,27.17,2033.8,2677.8,1937.4
2026-08-18,27.28,2152.1,2878.3,1989.2
2026-08-19,27.65,2013.5,2793.7,1886.2
2026-08-20,27.5,2072.8,2766.2,1967.2
2026-08-21,27.58,2087.1,2839.1,1998.9
2026-08-22,27.32,2092.5,2781.1,1922.0
2026-08-23,27.71,2082.2,2856.5,1973.3
2026-08-24,27.19,2051.7,2811.0,1953.5
2026-08-25,27.74,2064.8,2898.4,1987.0
2026-08-26,27.46,2070.6,2784.8,1987.9
2026-08-27,26.67,1986.7,2722.1,1904.8
2026-08-28,26.62,2021.3,2734.6,1896.2
2026-08-29,26.25,1953.7,2715.3,1798.8
2026-08-30,26.54,2005.4,2664.1,1893.3
2026-08-31,26.18,1962.6,2694.2,1894.5
